Site_ID,Individual_ID,Latitude,Longitude,Common_Name,Last_Yes_Year,Last_Yes_DOY,SPP,Nativity,summer.P,summer.Tmax,fall.Tmin,GS.P,GS.T
HW,4029,40.80638889,-77.87611111,privet,2016,365,,exotic,241.96,27.90869565,6.923076923,510.66,18.7427027
SC,4214,40.66972222,-77.90916667,privet,2017,365,,exotic,361.05,26.45543478,5.73956044,740.25,17.86972973
SC,4214,40.66972222,-77.90916667,privet,2016,365,,exotic,227.99,28.54347826,6.324175824,459.2,18.78378378
SC,4201,40.66972222,-77.90916667,privet,2016,365,,exotic,227.99,28.54347826,6.324175824,459.2,18.78378378
SC,3221,40.66972222,-77.90916667,privet,2016,365,,exotic,227.99,28.54347826,6.324175824,459.2,18.78378378
SC,3212,40.66972222,-77.90916667,privet,2016,365,,exotic,227.99,28.54347826,6.324175824,459.2,18.78378378
HW,4069,40.80638889,-77.87611111,privet,2016,365,,exotic,241.96,27.90869565,6.923076923,510.66,18.7427027
HW,4056,40.80638889,-77.87611111,privet,2016,365,,exotic,241.96,27.90869565,6.923076923,510.66,18.7427027
SC,4904,40.66972222,-77.90916667,multiflora rose,2018,365,RoMu,exotic,540.79,26.80326087,7.049450549,994.67,18.95351351
SC,4201,40.66972222,-77.90916667,privet,2018,365,LiOb,exotic,540.79,26.80326087,7.049450549,994.67,18.95351351
SC,3221,40.66972222,-77.90916667,privet,2018,365,LiOb,exotic,540.79,26.80326087,7.049450549,994.67,18.95351351
SC,3222,40.66972222,-77.90916667,privet,2018,365,LiOb,exotic,540.79,26.80326087,7.049450549,994.67,18.95351351
SC,3217,40.66972222,-77.90916667,privet,2018,365,LiOb,exotic,540.79,26.80326087,7.049450549,994.67,18.95351351
SC,3212,40.66972222,-77.90916667,privet,2018,365,LiOb,exotic,540.79,26.80326087,7.049450549,994.67,18.95351351
SC,4905,40.66972222,-77.90916667,multiflora rose,2018,365,RoMu,exotic,540.79,26.80326087,7.049450549,994.67,18.95351351
SC,4906,40.66972222,-77.90916667,multiflora rose,2018,365,RoMu,exotic,540.79,26.80326087,7.049450549,994.67,18.95351351
SC,4907,40.66972222,-77.90916667,multiflora rose,2018,365,RoMu,exotic,540.79,26.80326087,7.049450549,994.67,18.95351351
SC,4908,40.66972222,-77.90916667,multiflora rose,2018,365,RoMu,exotic,540.79,26.80326087,7.049450549,994.67,18.95351351
HW,4068,40.80638889,-77.87611111,privet,2018,365,liob,exotic,556.57,26.14782609,7.389010989,1003.85,18.90162162
HW,4056,40.80638889,-77.87611111,privet,2018,365,liob,exotic,556.57,26.14782609,7.389010989,1003.85,18.90162162
HW,4030,40.80638889,-77.87611111,privet,2018,365,liob,exotic,556.57,26.14782609,7.389010989,1003.85,18.90162162
HW,4029,40.80638889,-77.87611111,privet,2018,365,liob,exotic,556.57,26.14782609,7.389010989,1003.85,18.90162162
HW,4028,40.80638889,-77.87611111,privet,2018,365,liob,exotic,556.57,26.14782609,7.389010989,1003.85,18.90162162
HW,4068,40.80638889,-77.87611111,privet,2016,365,,exotic,241.96,27.90869565,6.923076923,510.66,18.7427027
HW,4030,40.80638889,-77.87611111,privet,2016,365,,exotic,241.96,27.90869565,6.923076923,510.66,18.7427027
HW,4012,40.80638889,-77.87611111,bush honeysuckle,2016,365,lomo,exotic,241.96,27.90869565,6.923076923,510.66,18.7427027
SC,4211,40.66972222,-77.90916667,Amur honeysuckle,2017,365,,exotic,361.05,26.45543478,5.73956044,740.25,17.86972973
SC,4903,40.66972222,-77.90916667,multiflora rose,2018,365,RoMu,exotic,540.79,26.80326087,7.049450549,994.67,18.95351351
HW,4012,40.80638889,-77.87611111,bush honeysuckle,2018,365,lomo,exotic,556.57,26.14782609,7.389010989,1003.85,18.90162162
SC,4201,40.66972222,-77.90916667,privet,2017,365,,exotic,361.05,26.45543478,5.73956044,740.25,17.86972973
SC,3221,40.66972222,-77.90916667,privet,2017,365,,exotic,361.05,26.45543478,5.73956044,740.25,17.86972973
SC,3222,40.66972222,-77.90916667,privet,2017,365,,exotic,361.05,26.45543478,5.73956044,740.25,17.86972973
SC,3201,40.66972222,-77.90916667,Amur honeysuckle,2017,365,,exotic,361.05,26.45543478,5.73956044,740.25,17.86972973
HW,4066,40.80638889,-77.87611111,Amur honeysuckle,2017,365,,exotic,290.05,25.79130435,6.320879121,657.97,17.84540541
HW,4056,40.80638889,-77.87611111,privet,2017,365,,exotic,290.05,25.79130435,6.320879121,657.97,17.84540541
SC,3222,40.66972222,-77.90916667,privet,2016,365,,exotic,227.99,28.54347826,6.324175824,459.2,18.78378378
HW,4013,40.80638889,-77.87611111,bush honeysuckle,2016,365,lomo,exotic,241.96,27.90869565,6.923076923,510.66,18.7427027
SC,4209,40.66972222,-77.90916667,privet,2017,365,,exotic,361.05,26.45543478,5.73956044,740.25,17.86972973
HW,4229,40.80638889,-77.87611111,Amur honeysuckle,2018,365,loma,exotic,556.57,26.14782609,7.389010989,1003.85,18.90162162
SC,4212,40.66972222,-77.90916667,Amur honeysuckle,2017,365,,exotic,361.05,26.45543478,5.73956044,740.25,17.86972973
SC,4904,40.66972222,-77.90916667,multiflora rose,2017,365,,exotic,361.05,26.45543478,5.73956044,740.25,17.86972973
SC,4907,40.66972222,-77.90916667,multiflora rose,2017,365,,exotic,361.05,26.45543478,5.73956044,740.25,17.86972973
SC,4908,40.66972222,-77.90916667,multiflora rose,2017,365,,exotic,361.05,26.45543478,5.73956044,740.25,17.86972973
HW,4052,40.80638889,-77.87611111,Amur honeysuckle,2017,365,,exotic,290.05,25.79130435,6.320879121,657.97,17.84540541
HW,4044,40.80638889,-77.87611111,bush honeysuckle,2017,365,lomo,exotic,290.05,25.79130435,6.320879121,657.97,17.84540541
HW,4069,40.80638889,-77.87611111,privet,2017,365,,exotic,290.05,25.79130435,6.320879121,657.97,17.84540541
HW,4055,40.80638889,-77.87611111,burningbush,2017,365,,exotic,290.05,25.79130435,6.320879121,657.97,17.84540541
HW,4067,40.80638889,-77.87611111,burningbush,2017,365,,exotic,290.05,25.79130435,6.320879121,657.97,17.84540541
HW,4030,40.80638889,-77.87611111,privet,2017,365,,exotic,290.05,25.79130435,6.320879121,657.97,17.84540541
HW,4024,40.80638889,-77.87611111,Amur honeysuckle,2017,365,,exotic,290.05,25.79130435,6.320879121,657.97,17.84540541
HW,4022,40.80638889,-77.87611111,Amur honeysuckle,2017,365,,exotic,290.05,25.79130435,6.320879121,657.97,17.84540541
HW,4229,40.80638889,-77.87611111,Amur honeysuckle,2017,365,,exotic,290.05,25.79130435,6.320879121,657.97,17.84540541
HW,4013,40.80638889,-77.87611111,bush honeysuckle,2017,365,lomo,exotic,290.05,25.79130435,6.320879121,657.97,17.84540541
HW,4014,40.80638889,-77.87611111,bush honeysuckle,2017,365,lomo,exotic,290.05,25.79130435,6.320879121,657.97,17.84540541
HW,4029,40.80638889,-77.87611111,privet,2017,365,,exotic,290.05,25.79130435,6.320879121,657.97,17.84540541
HW,4028,40.80638889,-77.87611111,privet,2017,365,,exotic,290.05,25.79130435,6.320879121,657.97,17.84540541
HW,4023,40.80638889,-77.87611111,Amur honeysuckle,2017,365,,exotic,290.05,25.79130435,6.320879121,657.97,17.84540541
SC,4212,40.66972222,-77.90916667,Amur honeysuckle,2018,365,LoMa,exotic,540.79,26.80326087,7.049450549,994.67,18.95351351
SC,4209,40.66972222,-77.90916667,privet,2018,365,LiOb,exotic,540.79,26.80326087,7.049450549,994.67,18.95351351
HW,4052,40.80638889,-77.87611111,Amur honeysuckle,2018,365,loma,exotic,556.57,26.14782609,7.389010989,1003.85,18.90162162
HW,4069,40.80638889,-77.87611111,privet,2018,365,liob,exotic,556.57,26.14782609,7.389010989,1003.85,18.90162162
HW,4024,40.80638889,-77.87611111,Amur honeysuckle,2018,365,loma,exotic,556.57,26.14782609,7.389010989,1003.85,18.90162162
SC,3217,40.66972222,-77.90916667,privet,2017,365,,exotic,361.05,26.45543478,5.73956044,740.25,17.86972973
HW,4044,40.80638889,-77.87611111,bush honeysuckle,2018,363,lomo,exotic,556.57,26.14782609,7.389010989,1003.85,18.90162162
HW,4066,40.80638889,-77.87611111,Amur honeysuckle,2018,363,loma,exotic,556.57,26.14782609,7.389010989,1003.85,18.90162162
HW,4022,40.80638889,-77.87611111,Amur honeysuckle,2018,363,loma,exotic,556.57,26.14782609,7.389010989,1003.85,18.90162162
HW,4023,40.80638889,-77.87611111,Amur honeysuckle,2018,363,loma,exotic,556.57,26.14782609,7.389010989,1003.85,18.90162162
SC,4222,40.66972222,-77.90916667,Amur honeysuckle,2018,362,LoMa,exotic,540.79,26.80326087,7.049450549,994.67,18.95351351
SC,4211,40.66972222,-77.90916667,Amur honeysuckle,2018,362,LoMa,exotic,540.79,26.80326087,7.049450549,994.67,18.95351351
SC,4209,40.66972222,-77.90916667,privet,2016,357,,exotic,227.99,28.54347826,6.324175824,459.2,18.78378378
SC,3217,40.66972222,-77.90916667,privet,2016,357,,exotic,227.99,28.54347826,6.324175824,459.2,18.78378378
HW,4014,40.80638889,-77.87611111,bush honeysuckle,2016,354,lomo,exotic,241.96,27.90869565,6.923076923,510.66,18.7427027
SC,3202,40.66972222,-77.90916667,Amur honeysuckle,2018,353,LoMa,exotic,540.79,26.80326087,7.049450549,994.67,18.95351351
SC,4901,40.66972222,-77.90916667,Amur honeysuckle,2018,353,LoMa,exotic,540.79,26.80326087,7.049450549,994.67,18.95351351
SC,3201,40.66972222,-77.90916667,Amur honeysuckle,2018,353,LoMa,exotic,540.79,26.80326087,7.049450549,994.67,18.95351351
SC,4998,40.66972222,-77.90916667,burningbush,2018,353,EuAl,exotic,540.79,26.80326087,7.049450549,994.67,18.95351351
CC,4936,40.78305556,-77.89111111,mapleleaf viburnum,2016,352,,native,241.96,27.90869565,6.923076923,510.66,18.7427027
SC,4214,40.66972222,-77.90916667,privet,2018,350,LiOb,exotic,540.79,26.80326087,7.049450549,994.67,18.95351351
SC,bl97,40.66972222,-77.90916667,burningbush,2018,350,EuAl,exotic,540.79,26.80326087,7.049450549,994.67,18.95351351
2772,133818,36.440838,-84.323586,Amur honeysuckle,2017,348,Amur honeysuckle,exotic,413.03,27.3173913,7.936263736,817.53,19.38162162
SC,4225,40.66972222,-77.90916667,burningbush,2017,348,,exotic,361.05,26.45543478,5.73956044,740.25,17.86972973
SC,4205,40.66972222,-77.90916667,burningbush,2017,348,,exotic,361.05,26.45543478,5.73956044,740.25,17.86972973
SC,3214,40.66972222,-77.90916667,burningbush,2017,348,,exotic,361.05,26.45543478,5.73956044,740.25,17.86972973
SC,4906,40.66972222,-77.90916667,multiflora rose,2017,348,,exotic,361.05,26.45543478,5.73956044,740.25,17.86972973
SC,3202,40.66972222,-77.90916667,Amur honeysuckle,2017,348,,exotic,361.05,26.45543478,5.73956044,740.25,17.86972973
SC,4901,40.66972222,-77.90916667,Amur honeysuckle,2017,348,,exotic,361.05,26.45543478,5.73956044,740.25,17.86972973
SC,bl97,40.66972222,-77.90916667,burningbush,2017,348,,exotic,361.05,26.45543478,5.73956044,740.25,17.86972973
SC,4998,40.66972222,-77.90916667,burningbush,2017,348,,exotic,361.05,26.45543478,5.73956044,740.25,17.86972973
HW,4052,40.80638889,-77.87611111,Amur honeysuckle,2016,348,,exotic,241.96,27.90869565,6.923076923,510.66,18.7427027
HW,4022,40.80638889,-77.87611111,Amur honeysuckle,2016,348,,exotic,241.96,27.90869565,6.923076923,510.66,18.7427027
HW,4229,40.80638889,-77.87611111,Amur honeysuckle,2016,348,,exotic,241.96,27.90869565,6.923076923,510.66,18.7427027
HW,4028,40.80638889,-77.87611111,privet,2016,348,,exotic,241.96,27.90869565,6.923076923,510.66,18.7427027
SC,3213,40.66972222,-77.90916667,burningbush,2018,346,EuAl,exotic,540.79,26.80326087,7.049450549,994.67,18.95351351
SC,3214,40.66972222,-77.90916667,burningbush,2018,346,EuAl,exotic,540.79,26.80326087,7.049450549,994.67,18.95351351
SC,4222,40.66972222,-77.90916667,Amur honeysuckle,2017,345,,exotic,361.05,26.45543478,5.73956044,740.25,17.86972973
SC,3213,40.66972222,-77.90916667,burningbush,2017,345,,exotic,361.05,26.45543478,5.73956044,740.25,17.86972973
24717,117148,42.789562,-77.823166,Amur honeysuckle,2016,344,Amur honeysuckle,exotic,133.11,28.19130435,6.713186813,418.54,18.33675676
24717,147334,42.789562,-77.823166,Amur honeysuckle,2017,344,Amur honeysuckle,exotic,378.18,25.69021739,6.334065934,722.91,17.43783784
24717,147332,42.789562,-77.823166,Amur honeysuckle,2017,344,Amur honeysuckle,exotic,378.18,25.69021739,6.334065934,722.91,17.43783784
HW,4067,40.80638889,-77.87611111,burningbush,2018,343,eual,exotic,556.57,26.14782609,7.389010989,1003.85,18.90162162
HW,4064,40.80638889,-77.87611111,bush honeysuckle,2018,343,lomo,exotic,556.57,26.14782609,7.389010989,1003.85,18.90162162
20249,105376,38.613323,-90.258934,flowering dogwood,2016,342,flowering dogwood,native,449.77,31.22282609,12.06813187,824.45,23.15243243
HW,4044,40.80638889,-77.87611111,bush honeysuckle,2016,341,lomo,exotic,241.96,27.90869565,6.923076923,510.66,18.7427027
HW,4066,40.80638889,-77.87611111,Amur honeysuckle,2016,341,,exotic,241.96,27.90869565,6.923076923,510.66,18.7427027
HW,4240,40.80638889,-77.87611111,Japanese barberry,2016,341,,exotic,241.96,27.90869565,6.923076923,510.66,18.7427027
HW,4067,40.80638889,-77.87611111,burningbush,2016,341,,exotic,241.96,27.90869565,6.923076923,510.66,18.7427027
HW,4031,40.80638889,-77.87611111,Japanese barberry,2016,341,,exotic,241.96,27.90869565,6.923076923,510.66,18.7427027
HW,4024,40.80638889,-77.87611111,Amur honeysuckle,2016,341,,exotic,241.96,27.90869565,6.923076923,510.66,18.7427027
HW,4023,40.80638889,-77.87611111,Amur honeysuckle,2016,341,,exotic,241.96,27.90869565,6.923076923,510.66,18.7427027
16454,117470,41.667408,-73.895546,Amur honeysuckle,2016,341,Amur honeysuckle,exotic,294.57,28.74782609,5.928571429,490.99,18.83945946
24717,117153,42.789562,-77.823166,Amur honeysuckle,2016,341,Amur honeysuckle,exotic,133.11,28.19130435,6.713186813,418.54,18.33675676
24733,117209,42.789581,-77.823097,Amur honeysuckle,2016,341,Amur honeysuckle,exotic,133.11,28.19130435,6.713186813,418.54,18.33675676
SC,4223,40.66972222,-77.90916667,Japanese barberry,2016,340,,exotic,227.99,28.54347826,6.324175824,459.2,18.78378378
SC,4222,40.66972222,-77.90916667,Amur honeysuckle,2016,340,,exotic,227.99,28.54347826,6.324175824,459.2,18.78378378
SC,4215,40.66972222,-77.90916667,Amur honeysuckle,2016,340,,exotic,227.99,28.54347826,6.324175824,459.2,18.78378378
24717,147331,42.789562,-77.823166,Amur honeysuckle,2017,340,Amur honeysuckle,exotic,378.18,25.69021739,6.334065934,722.91,17.43783784
24717,145986,42.789562,-77.823166,Amur honeysuckle,2017,340,Amur honeysuckle,exotic,378.18,25.69021739,6.334065934,722.91,17.43783784
24717,147333,42.789562,-77.823166,Amur honeysuckle,2017,340,Amur honeysuckle,exotic,378.18,25.69021739,6.334065934,722.91,17.43783784
24717,147336,42.789562,-77.823166,Amur honeysuckle,2017,340,Amur honeysuckle,exotic,378.18,25.69021739,6.334065934,722.91,17.43783784
SC,4223,40.66972222,-77.90916667,Japanese barberry,2017,339,,exotic,361.05,26.45543478,5.73956044,740.25,17.86972973
SC,20182,40.66972222,-77.90916667,burningbush,2018,339,EuAl,exotic,540.79,26.80326087,7.049450549,994.67,18.95351351
HW,libe xxxx,40.80638889,-77.87611111,northern spicebush,2017,339,,native,290.05,25.79130435,6.320879121,657.97,17.84540541
16454,117469,41.667408,-73.895546,Amur honeysuckle,2017,339,Amur honeysuckle,exotic,343.45,26.69021739,6.632967033,636.38,18.29081081
5206,10209,36.902622,-76.206039,flowering dogwood,2016,338,flowering dogwood,native,512.37,30.27608696,14.39120879,1330.29,23.6427027
24717,117149,42.789562,-77.823166,Amur honeysuckle,2017,338,Amur honeysuckle,exotic,378.18,25.69021739,6.334065934,722.91,17.43783784
22706,106887,41.856613,-73.620338,flowering dogwood,2016,337,flowering dogwood,native,263.09,27.16956522,5.097802198,460.84,17.50918919
CC,4933,40.78305556,-77.89111111,bush honeysuckle,2016,337,lomo,exotic,241.96,27.90869565,6.923076923,510.66,18.7427027
CC,4939,40.78305556,-77.89111111,bush honeysuckle,2016,337,lomo,exotic,241.96,27.90869565,6.923076923,510.66,18.7427027
CC,4942,40.78305556,-77.89111111,Amur honeysuckle,2016,337,,exotic,241.96,27.90869565,6.923076923,510.66,18.7427027
CC,4944,40.78305556,-77.89111111,Amur honeysuckle,2016,337,,exotic,241.96,27.90869565,6.923076923,510.66,18.7427027
CC,4967,40.78305556,-77.89111111,bush honeysuckle,2016,337,lomo,exotic,241.96,27.90869565,6.923076923,510.66,18.7427027
CC,4968,40.78305556,-77.89111111,bush honeysuckle,2016,337,lomo,exotic,241.96,27.90869565,6.923076923,510.66,18.7427027
CC,4971,40.78305556,-77.89111111,Amur honeysuckle,2016,337,,exotic,241.96,27.90869565,6.923076923,510.66,18.7427027
CC,4974,40.78305556,-77.89111111,bush honeysuckle,2016,337,lomo,exotic,241.96,27.90869565,6.923076923,510.66,18.7427027
CC,4981,40.78305556,-77.89111111,privet,2016,337,,exotic,241.96,27.90869565,6.923076923,510.66,18.7427027
CC,4991,40.78305556,-77.89111111,Amur honeysuckle,2016,337,,exotic,241.96,27.90869565,6.923076923,510.66,18.7427027
29402,155301,39.045319,-76.788857,Japanese barberry,2018,336,Japanese barberry,exotic,512.82,29.00978261,8.59010989,1051.1,20.68756757
1668,102067,40.866283,-73.875717,blackhaw,2016,336,blackhaw,native,249.37,29.3,11.62197802,506.72,21.42
HW,4011,40.80638889,-77.87611111,burningbush,2018,336,eual,exotic,556.57,26.14782609,7.389010989,1003.85,18.90162162
24717,117152,42.789562,-77.823166,Amur honeysuckle,2017,336,Amur honeysuckle,exotic,378.18,25.69021739,6.334065934,722.91,17.43783784
24717,117153,42.789562,-77.823166,Amur honeysuckle,2017,336,Amur honeysuckle,exotic,378.18,25.69021739,6.334065934,722.91,17.43783784
27467,147777,40.655563,-73.997101,flowering dogwood,2017,335,flowering dogwood,native,352.88,27.77717391,12.26263736,681.26,21.31567568
24717,117150,42.789562,-77.823166,Amur honeysuckle,2016,335,Amur honeysuckle,exotic,133.11,28.19130435,6.713186813,418.54,18.33675676
HW,4045,40.80638889,-77.87611111,burningbush,2017,334,,exotic,290.05,25.79130435,6.320879121,657.97,17.84540541
SC,3220,40.66972222,-77.90916667,blackhaw,2017,334,,native,361.05,26.45543478,5.73956044,740.25,17.86972973
24717,117149,42.789562,-77.823166,Amur honeysuckle,2016,334,Amur honeysuckle,exotic,133.11,28.19130435,6.713186813,418.54,18.33675676
SC,4225,40.66972222,-77.90916667,burningbush,2016,333,,exotic,227.99,28.54347826,6.324175824,459.2,18.78378378
SC,4221,40.66972222,-77.90916667,Japanese barberry,2016,333,,exotic,227.99,28.54347826,6.324175824,459.2,18.78378378
SC,4211,40.66972222,-77.90916667,Amur honeysuckle,2016,333,,exotic,227.99,28.54347826,6.324175824,459.2,18.78378378
SC,4212,40.66972222,-77.90916667,Amur honeysuckle,2016,333,,exotic,227.99,28.54347826,6.324175824,459.2,18.78378378
SC,4205,40.66972222,-77.90916667,burningbush,2016,333,,exotic,227.99,28.54347826,6.324175824,459.2,18.78378378
SC,3213,40.66972222,-77.90916667,burningbush,2016,333,,exotic,227.99,28.54347826,6.324175824,459.2,18.78378378
SC,3214,40.66972222,-77.90916667,burningbush,2016,333,,exotic,227.99,28.54347826,6.324175824,459.2,18.78378378
SC,3210,40.66972222,-77.90916667,Japanese barberry,2016,333,,exotic,227.99,28.54347826,6.324175824,459.2,18.78378378
SC,3202,40.66972222,-77.90916667,Amur honeysuckle,2016,333,,exotic,227.99,28.54347826,6.324175824,459.2,18.78378378
SC,4901,40.66972222,-77.90916667,Amur honeysuckle,2016,333,,exotic,227.99,28.54347826,6.324175824,459.2,18.78378378
SC,3201,40.66972222,-77.90916667,Amur honeysuckle,2016,333,,exotic,227.99,28.54347826,6.324175824,459.2,18.78378378
SC,3223,40.66972222,-77.90916667,Japanese barberry,2018,333,BeTh,exotic,540.79,26.80326087,7.049450549,994.67,18.95351351
SC,20181,40.66972222,-77.90916667,burningbush,2018,333,EuAl,exotic,540.79,26.80326087,7.049450549,994.67,18.95351351
24717,117156,42.789562,-77.823166,gray dogwood,2017,333,gray dogwood,native,378.18,25.69021739,6.334065934,722.91,17.43783784
24717,145990,42.789562,-77.823166,gray dogwood,2017,333,gray dogwood,native,378.18,25.69021739,6.334065934,722.91,17.43783784
5206,10209,36.902622,-76.206039,flowering dogwood,2017,333,flowering dogwood,native,458.86,29.6423913,14.26813187,869.9,23.46162162
HW,4045,40.80638889,-77.87611111,burningbush,2018,333,eual,exotic,556.57,26.14782609,7.389010989,1003.85,18.90162162
HW,4055,40.80638889,-77.87611111,burningbush,2018,333,eual,exotic,556.57,26.14782609,7.389010989,1003.85,18.90162162
1668,102067,40.866283,-73.875717,blackhaw,2018,333,blackhaw,native,439.87,28.47282609,11.27692308,794.11,21.38486486
1668,102068,40.866283,-73.875717,southern arrowwood,2018,333,southern arrowwood,native,439.87,28.47282609,11.27692308,794.11,21.38486486
27645,150704,40.652672,-73.987457,flowering dogwood,2018,333,flowering dogwood,native,380.01,28.6076087,11.77692308,744.68,21.72540541
HW,4009,40.80638889,-77.87611111,burningbush,2018,333,eual,exotic,556.57,26.14782609,7.389010989,1003.85,18.90162162
16454,117468,41.667408,-73.895546,Amur honeysuckle,2016,333,Amur honeysuckle,exotic,294.57,28.74782609,5.928571429,490.99,18.83945946
16454,117469,41.667408,-73.895546,Amur honeysuckle,2016,333,Amur honeysuckle,exotic,294.57,28.74782609,5.928571429,490.99,18.83945946
16454,117471,41.667408,-73.895546,Amur honeysuckle,2016,333,Amur honeysuckle,exotic,294.57,28.74782609,5.928571429,490.99,18.83945946
2222,103179,42.545998,-71.355217,burningbush,2017,333,burningbush,exotic,335.59,26.87608696,6.779120879,645.3,18.09567568
24717,117150,42.789562,-77.823166,Amur honeysuckle,2017,333,Amur honeysuckle,exotic,378.18,25.69021739,6.334065934,722.91,17.43783784
1461,2446,42.283501,-83.771729,flowering dogwood,2016,332,flowering dogwood,native,249.5,28.67173913,6.346153846,501.23,18.50702703
24717,147320,42.789562,-77.823166,gray dogwood,2017,332,gray dogwood,native,378.18,25.69021739,6.334065934,722.91,17.43783784
24717,147317,42.789562,-77.823166,gray dogwood,2017,332,gray dogwood,native,378.18,25.69021739,6.334065934,722.91,17.43783784
HW,4045,40.80638889,-77.87611111,burningbush,2016,332,,exotic,241.96,27.90869565,6.923076923,510.66,18.7427027
HW,4055,40.80638889,-77.87611111,burningbush,2016,332,,exotic,241.96,27.90869565,6.923076923,510.66,18.7427027
24717,147337,42.789562,-77.823166,Amur honeysuckle,2017,332,Amur honeysuckle,exotic,378.18,25.69021739,6.334065934,722.91,17.43783784
24717,147335,42.789562,-77.823166,Amur honeysuckle,2017,332,Amur honeysuckle,exotic,378.18,25.69021739,6.334065934,722.91,17.43783784
SC,3204,40.66972222,-77.90916667,Japanese barberry,2017,331,,exotic,361.05,26.45543478,5.73956044,740.25,17.86972973
HW,coralt,40.80638889,-77.87611111,alternateleaf dogwood,2017,331,,native,290.05,25.79130435,6.320879121,657.97,17.84540541
HW,4032,40.80638889,-77.87611111,blackhaw,2017,331,,native,290.05,25.79130435,6.320879121,657.97,17.84540541
HW,4009,40.80638889,-77.87611111,burningbush,2017,331,,exotic,290.05,25.79130435,6.320879121,657.97,17.84540541
HW,4010,40.80638889,-77.87611111,burningbush,2017,331,,exotic,290.05,25.79130435,6.320879121,657.97,17.84540541
HW,4011,40.80638889,-77.87611111,burningbush,2017,331,,exotic,290.05,25.79130435,6.320879121,657.97,17.84540541
CC,4976,40.78305556,-77.89111111,privet,2016,330,,exotic,241.96,27.90869565,6.923076923,510.66,18.7427027
CC,4990,40.78305556,-77.89111111,Amur honeysuckle,2016,330,,exotic,241.96,27.90869565,6.923076923,510.66,18.7427027
HW,4010,40.80638889,-77.87611111,burningbush,2018,330,eual,exotic,556.57,26.14782609,7.389010989,1003.85,18.90162162
1668,102066,40.866283,-73.875717,mapleleaf viburnum,2017,329,mapleleaf viburnum,native,303.01,27.43043478,11.73406593,615.4,20.87135135
1327,1976,42.546036,-71.3545,flowering dogwood,2018,329,flowering dogwood,native,340.68,28.16086957,5.668131868,683.26,18.49351351
2222,41100,42.545998,-71.355217,flowering dogwood,2018,329,flowering dogwood,native,340.68,28.16086957,5.668131868,683.26,18.49351351
17640,154675,42.307346,-76.521446,bush honeysuckle,2018,329,Morrow's honeysuckle,exotic,403.94,24.8923913,5.26043956,812.68,16.90108108
2120,102073,40.863445,-73.876656,blackhaw,2016,328,blackhaw,native,249.37,29.3,11.62197802,506.72,21.42
2120,102072,40.863445,-73.876656,blackhaw,2016,328,blackhaw,native,249.37,29.3,11.62197802,506.72,21.42
16454,117474,41.667408,-73.895546,Japanese barberry,2016,328,Japanese barberry,exotic,294.57,28.74782609,5.928571429,490.99,18.83945946
24717,117151,42.789562,-77.823166,Amur honeysuckle,2016,328,Amur honeysuckle,exotic,133.11,28.19130435,6.713186813,418.54,18.33675676
1668,102066,40.866283,-73.875717,mapleleaf viburnum,2018,327,mapleleaf viburnum,native,439.87,28.47282609,11.27692308,794.11,21.38486486
1668,102069,40.866283,-73.875717,southern arrowwood,2018,327,southern arrowwood,native,439.87,28.47282609,11.27692308,794.11,21.38486486
24717,117158,42.789562,-77.823166,gray dogwood,2017,326,gray dogwood,native,378.18,25.69021739,6.334065934,722.91,17.43783784
24717,117159,42.789562,-77.823166,gray dogwood,2017,326,gray dogwood,native,378.18,25.69021739,6.334065934,722.91,17.43783784
28342,147393,42.468647,-71.007454,southern arrowwood,2017,326,southern arrowwood,native,262.24,25.92391304,9.168131868,563.61,18.58162162
28342,147392,42.468647,-71.007454,southern arrowwood,2017,326,southern arrowwood,native,262.24,25.92391304,9.168131868,563.61,18.58162162
6362,103505,43.012966,-73.649918,multiflora rose,2017,326,multiflora rose,exotic,337.5,25.82065217,5.830769231,643.69,17.63513514
SC,4223,40.66972222,-77.90916667,Japanese barberry,2018,325,BeTh,exotic,540.79,26.80326087,7.049450549,994.67,18.95351351
24717,145991,42.789562,-77.823166,gray dogwood,2017,325,gray dogwood,native,378.18,25.69021739,6.334065934,722.91,17.43783784
20739,107393,44.681931,-70.145699,Amur honeysuckle,2016,325,Amur honeysuckle,exotic,231.5,25.63695652,3.154945055,468.28,15.52216216
5208,10221,36.90799,-76.196022,flowering dogwood,2016,324,flowering dogwood,native,512.37,30.27608696,14.39120879,1330.29,23.6427027
28214,147308,42.796005,-77.82386,gray dogwood,2017,324,gray dogwood,native,378.18,25.69021739,6.334065934,722.91,17.43783784
28214,147307,42.796005,-77.82386,gray dogwood,2017,324,gray dogwood,native,378.18,25.69021739,6.334065934,722.91,17.43783784
16257,162141,41.211025,-73.826889,burningbush,2018,324,burningbush,exotic,517.79,27.92608696,8.134065934,913.46,19.62972973
16257,162142,41.211025,-73.826889,burningbush,2018,324,burningbush,exotic,517.79,27.92608696,8.134065934,913.46,19.62972973
16257,162140,41.211025,-73.826889,burningbush,2018,324,burningbush,exotic,517.79,27.92608696,8.134065934,913.46,19.62972973
18491,117270,37.74184,-84.299866,flowering dogwood,2016,322,flowering dogwood,native,397.66,30.04347826,9.257142857,685.59,21.55675676
18491,117271,37.74184,-84.299866,flowering dogwood,2016,322,flowering dogwood,native,397.66,30.04347826,9.257142857,685.59,21.55675676
18491,117269,37.74184,-84.299866,flowering dogwood,2016,322,flowering dogwood,native,397.66,30.04347826,9.257142857,685.59,21.55675676
18491,117272,37.74184,-84.299866,flowering dogwood,2016,322,flowering dogwood,native,397.66,30.04347826,9.257142857,685.59,21.55675676
24717,117154,42.789562,-77.823166,gray dogwood,2016,322,gray dogwood,native,133.11,28.19130435,6.713186813,418.54,18.33675676
24717,117155,42.789562,-77.823166,gray dogwood,2016,322,gray dogwood,native,133.11,28.19130435,6.713186813,418.54,18.33675676
24726,117489,42.789654,-77.823265,gray dogwood,2016,322,gray dogwood,native,133.11,28.19130435,6.713186813,418.54,18.33675676
SC,3218,40.66972222,-77.90916667,Japanese barberry,2018,322,BeTh,exotic,540.79,26.80326087,7.049450549,994.67,18.95351351
24717,145989,42.789562,-77.823166,gray dogwood,2017,322,gray dogwood,native,378.18,25.69021739,6.334065934,722.91,17.43783784
24717,117157,42.789562,-77.823166,gray dogwood,2017,322,gray dogwood,native,378.18,25.69021739,6.334065934,722.91,17.43783784
HW,4240,40.80638889,-77.87611111,Japanese barberry,2018,322,beth,exotic,556.57,26.14782609,7.389010989,1003.85,18.90162162
HW,4031,40.80638889,-77.87611111,Japanese barberry,2018,322,beth,exotic,556.57,26.14782609,7.389010989,1003.85,18.90162162
HW,4250,40.80638889,-77.87611111,Japanese barberry,2018,322,beth,exotic,556.57,26.14782609,7.389010989,1003.85,18.90162162
22720,132682,39.646072,-79.980118,flowering dogwood,2018,322,flowering dogwood,native,325.57,28.25543478,7.994505495,836.51,20.2772973
27467,147777,40.655563,-73.997101,flowering dogwood,2018,322,flowering dogwood,native,380.01,28.6076087,11.77692308,744.68,21.72540541
HW,4013,40.80638889,-77.87611111,bush honeysuckle,2018,322,lomo,exotic,556.57,26.14782609,7.389010989,1003.85,18.90162162
HW,4014,40.80638889,-77.87611111,bush honeysuckle,2018,322,lomo,exotic,556.57,26.14782609,7.389010989,1003.85,18.90162162
HW,2018beth1,40.80638889,-77.87611111,Japanese barberry,2018,322,beth,exotic,556.57,26.14782609,7.389010989,1003.85,18.90162162
HW,4034,40.80638889,-77.87611111,blackhaw,2018,322,vipr,native,556.57,26.14782609,7.389010989,1003.85,18.90162162
HW,4281,40.80638889,-77.87611111,mapleleaf viburnum,2018,322,viac,native,556.57,26.14782609,7.389010989,1003.85,18.90162162
SC,4224,40.66972222,-77.90916667,blackhaw,2018,322,ViPr,native,540.79,26.80326087,7.049450549,994.67,18.95351351
SC,4219,40.66972222,-77.90916667,blackhaw,2018,322,ViPr,native,540.79,26.80326087,7.049450549,994.67,18.95351351
SC,3220,40.66972222,-77.90916667,blackhaw,2018,322,ViPr,native,540.79,26.80326087,7.049450549,994.67,18.95351351
24717,117148,42.789562,-77.823166,Amur honeysuckle,2017,322,Amur honeysuckle,exotic,378.18,25.69021739,6.334065934,722.91,17.43783784
24717,117151,42.789562,-77.823166,Amur honeysuckle,2017,322,Amur honeysuckle,exotic,378.18,25.69021739,6.334065934,722.91,17.43783784
24717,145984,42.789562,-77.823166,Amur honeysuckle,2017,322,Amur honeysuckle,exotic,378.18,25.69021739,6.334065934,722.91,17.43783784
18537,73420,40.86404,-73.878288,flowering dogwood,2016,321,flowering dogwood,native,249.37,29.3,11.62197802,506.72,21.42
SC,4221,40.66972222,-77.90916667,Japanese barberry,2017,321,,exotic,361.05,26.45543478,5.73956044,740.25,17.86972973
CC,4982,40.78305556,-77.89111111,mapleleaf viburnum,2016,321,,native,241.96,27.90869565,6.923076923,510.66,18.7427027
SC,3223,40.66972222,-77.90916667,Japanese barberry,2017,321,,exotic,361.05,26.45543478,5.73956044,740.25,17.86972973
SC,3218,40.66972222,-77.90916667,Japanese barberry,2017,321,,exotic,361.05,26.45543478,5.73956044,740.25,17.86972973
SC,3210,40.66972222,-77.90916667,Japanese barberry,2017,321,,exotic,361.05,26.45543478,5.73956044,740.25,17.86972973
CC,4972,40.78305556,-77.89111111,Japanese barberry,2016,321,,exotic,241.96,27.90869565,6.923076923,510.66,18.7427027
CC,4973,40.78305556,-77.89111111,Amur honeysuckle,2016,321,,exotic,241.96,27.90869565,6.923076923,510.66,18.7427027
20249,105376,38.613323,-90.258934,flowering dogwood,2017,321,flowering dogwood,native,268.65,30.72065217,9.913186813,524.58,22.28216216
HW,4034,40.80638889,-77.87611111,blackhaw,2017,321,,native,290.05,25.79130435,6.320879121,657.97,17.84540541
HW,4021,40.80638889,-77.87611111,blackhaw,2017,321,,native,290.05,25.79130435,6.320879121,657.97,17.84540541
HW,4064,40.80638889,-77.87611111,bush honeysuckle,2017,321,lomo,exotic,290.05,25.79130435,6.320879121,657.97,17.84540541
HW,4290,40.80638889,-77.87611111,Japanese barberry,2017,321,,exotic,290.05,25.79130435,6.320879121,657.97,17.84540541
HW,4031,40.80638889,-77.87611111,Japanese barberry,2017,321,,exotic,290.05,25.79130435,6.320879121,657.97,17.84540541
HW,4250,40.80638889,-77.87611111,Japanese barberry,2017,321,,exotic,290.05,25.79130435,6.320879121,657.97,17.84540541
SC,3206,40.66972222,-77.90916667,mapleleaf viburnum,2017,321,,native,361.05,26.45543478,5.73956044,740.25,17.86972973
16454,117473,41.667408,-73.895546,Japanese barberry,2016,321,Japanese barberry,exotic,294.57,28.74782609,5.928571429,490.99,18.83945946
16454,117475,41.667408,-73.895546,Japanese barberry,2016,321,Japanese barberry,exotic,294.57,28.74782609,5.928571429,490.99,18.83945946
SC,3223,40.66972222,-77.90916667,Japanese barberry,2016,320,,exotic,227.99,28.54347826,6.324175824,459.2,18.78378378
SC,3218,40.66972222,-77.90916667,Japanese barberry,2016,320,,exotic,227.99,28.54347826,6.324175824,459.2,18.78378378
SC,3204,40.66972222,-77.90916667,Japanese barberry,2016,320,,exotic,227.99,28.54347826,6.324175824,459.2,18.78378378
SC,97,40.66972222,-77.90916667,burningbush,2016,320,,exotic,227.99,28.54347826,6.324175824,459.2,18.78378378
HW,4282,40.80638889,-77.87611111,mapleleaf viburnum,2016,320,,native,241.96,27.90869565,6.923076923,510.66,18.7427027
SC,4224,40.66972222,-77.90916667,blackhaw,2016,320,,native,227.99,28.54347826,6.324175824,459.2,18.78378378
SC,4219,40.66972222,-77.90916667,blackhaw,2016,320,,native,227.99,28.54347826,6.324175824,459.2,18.78378378
SC,3220,40.66972222,-77.90916667,blackhaw,2016,320,,native,227.99,28.54347826,6.324175824,459.2,18.78378378
16454,62067,41.667408,-73.895546,flowering dogwood,2017,320,flowering dogwood,native,343.45,26.69021739,6.632967033,636.38,18.29081081
HW,4054,40.80638889,-77.87611111,bush honeysuckle,2016,320,lomo,exotic,241.96,27.90869565,6.923076923,510.66,18.7427027
HW,4064,40.80638889,-77.87611111,bush honeysuckle,2016,320,lomo,exotic,241.96,27.90869565,6.923076923,510.66,18.7427027
HW,4293,40.80638889,-77.87611111,Japanese barberry,2016,320,,exotic,241.96,27.90869565,6.923076923,510.66,18.7427027
HW,4009,40.80638889,-77.87611111,burningbush,2016,320,,exotic,241.96,27.90869565,6.923076923,510.66,18.7427027
HW,4010,40.80638889,-77.87611111,burningbush,2016,320,,exotic,241.96,27.90869565,6.923076923,510.66,18.7427027
HW,4011,40.80638889,-77.87611111,burningbush,2016,320,,exotic,241.96,27.90869565,6.923076923,510.66,18.7427027
16454,117475,41.667408,-73.895546,Japanese barberry,2017,320,Japanese barberry,exotic,343.45,26.69021739,6.632967033,636.38,18.29081081
17377,66717,40.204216,-80.55307,flowering dogwood,2015,319,flowering dogwood,native,381.33,26.69891304,7.865934066,705.13,18.83891892
17377,66718,40.204216,-80.55307,flowering dogwood,2015,319,flowering dogwood,native,381.33,26.69891304,7.865934066,705.13,18.83891892
2120,66513,40.863445,-73.876656,flowering dogwood,2015,319,flowering dogwood,native,300.91,28.34130435,11.78681319,490.2,21.43675676
2222,41100,42.545998,-71.355217,flowering dogwood,2016,319,flowering dogwood,native,149.43,28.91630435,5.60989011,426.01,18.23783784
1668,102065,40.866283,-73.875717,mapleleaf viburnum,2018,319,mapleleaf viburnum,native,439.87,28.47282609,11.27692308,794.11,21.38486486
SC,4221,40.66972222,-77.90916667,Japanese barberry,2018,318,BeTh,exotic,540.79,26.80326087,7.049450549,994.67,18.95351351
SC,3210,40.66972222,-77.90916667,Japanese barberry,2018,318,BeTh,exotic,540.79,26.80326087,7.049450549,994.67,18.95351351
SC,3204,40.66972222,-77.90916667,Japanese barberry,2018,318,BeTh,exotic,540.79,26.80326087,7.049450549,994.67,18.95351351
HW,4290,40.80638889,-77.87611111,Japanese barberry,2018,318,beth,exotic,556.57,26.14782609,7.389010989,1003.85,18.90162162
9058,31043,40.714325,-73.59906,flowering dogwood,2018,318,flowering dogwood,native,385.59,27.65217391,10.22747253,759.22,20.41297297
HW,4296?,40.80638889,-77.87611111,mapleleaf viburnum,2018,318,viac,native,556.57,26.14782609,7.389010989,1003.85,18.90162162
1327,1976,42.546036,-71.3545,flowering dogwood,2015,317,flowering dogwood,native,297.7,26.80978261,5.386813187,471.86,18.02810811
2222,41100,42.545998,-71.355217,flowering dogwood,2015,317,flowering dogwood,native,297.7,26.80978261,5.386813187,471.86,18.02810811
SC,4903,40.66972222,-77.90916667,multiflora rose,2017,317,,exotic,361.05,26.45543478,5.73956044,740.25,17.86972973
SC,4905,40.66972222,-77.90916667,multiflora rose,2017,317,,exotic,361.05,26.45543478,5.73956044,740.25,17.86972973
HW,4289,40.80638889,-77.87611111,mapleleaf viburnum,2017,317,,native,290.05,25.79130435,6.320879121,657.97,17.84540541
HW,4286,40.80638889,-77.87611111,mapleleaf viburnum,2017,317,,native,290.05,25.79130435,6.320879121,657.97,17.84540541
HW,4027,40.80638889,-77.87611111,blackhaw,2017,317,,native,290.05,25.79130435,6.320879121,657.97,17.84540541
HW,4026,40.80638889,-77.87611111,blackhaw,2017,317,,native,290.05,25.79130435,6.320879121,657.97,17.84540541
HW,4025,40.80638889,-77.87611111,blackhaw,2017,317,,native,290.05,25.79130435,6.320879121,657.97,17.84540541
HW,4282,40.80638889,-77.87611111,mapleleaf viburnum,2017,317,,native,290.05,25.79130435,6.320879121,657.97,17.84540541
HW,4281,40.80638889,-77.87611111,mapleleaf viburnum,2017,317,,native,290.05,25.79130435,6.320879121,657.97,17.84540541
HW,4280,40.80638889,-77.87611111,mapleleaf viburnum,2017,317,,native,290.05,25.79130435,6.320879121,657.97,17.84540541
HW,4296?,40.80638889,-77.87611111,mapleleaf viburnum,2017,317,,native,290.05,25.79130435,6.320879121,657.97,17.84540541
HW,4240,40.80638889,-77.87611111,Japanese barberry,2017,317,,exotic,290.05,25.79130435,6.320879121,657.97,17.84540541
SC,4206,40.66972222,-77.90916667,mapleleaf viburnum,2017,317,,native,361.05,26.45543478,5.73956044,740.25,17.86972973
SC,3216,40.66972222,-77.90916667,mapleleaf viburnum,2017,317,,native,361.05,26.45543478,5.73956044,740.25,17.86972973
SC,newVIAC,40.66972222,-77.90916667,mapleleaf viburnum,2017,317,,native,361.05,26.45543478,5.73956044,740.25,17.86972973
SC,3211,40.66972222,-77.90916667,blackhaw,2017,317,,native,361.05,26.45543478,5.73956044,740.25,17.86972973
SC,3208,40.66972222,-77.90916667,mapleleaf viburnum,2017,317,,native,361.05,26.45543478,5.73956044,740.25,17.86972973
SC,3203,40.66972222,-77.90916667,mapleleaf viburnum,2017,317,,native,361.05,26.45543478,5.73956044,740.25,17.86972973
SC,4997,40.66972222,-77.90916667,northern spicebush,2017,317,,native,361.05,26.45543478,5.73956044,740.25,17.86972973
SC,5000,40.66972222,-77.90916667,northern spicebush,2017,317,,native,361.05,26.45543478,5.73956044,740.25,17.86972973
24717,117157,42.789562,-77.823166,gray dogwood,2016,316,gray dogwood,native,133.11,28.19130435,6.713186813,418.54,18.33675676
2772,103567,36.440838,-84.323586,mapleleaf viburnum,2016,316,mapleleaf viburnum,native,305.84,29.40108696,8.502197802,485.21,20.98864865
22720,132684,39.646072,-79.980118,flowering dogwood,2017,316,flowering dogwood,native,460.41,27.39347826,7.021978022,768.48,19.02486486
2772,122237,36.440838,-84.323586,flowering dogwood,2017,316,flowering dogwood,native,413.03,27.3173913,7.936263736,817.53,19.38162162
16454,117472,41.667408,-73.895546,Japanese barberry,2016,316,Japanese barberry,exotic,294.57,28.74782609,5.928571429,490.99,18.83945946
1668,38566,40.866283,-73.875717,northern spicebush,2016,315,northern spicebush,native,249.37,29.3,11.62197802,506.72,21.42
24717,145987,42.789562,-77.823166,gray dogwood,2017,315,gray dogwood,native,378.18,25.69021739,6.334065934,722.91,17.43783784
HW,4040,40.80638889,-77.87611111,northern spicebush,2018,315,libe,native,556.57,26.14782609,7.389010989,1003.85,18.90162162
HW,4288,40.80638889,-77.87611111,northern spicebush,2018,315,libe,native,556.57,26.14782609,7.389010989,1003.85,18.90162162
HW,4253,40.80638889,-77.87611111,northern spicebush,2018,315,libe,native,556.57,26.14782609,7.389010989,1003.85,18.90162162
HW,4237,40.80638889,-77.87611111,northern spicebush,2018,315,libe,native,556.57,26.14782609,7.389010989,1003.85,18.90162162
HW,4252,40.80638889,-77.87611111,northern spicebush,2018,315,libe,native,556.57,26.14782609,7.389010989,1003.85,18.90162162
HW,coralt,40.80638889,-77.87611111,alternateleaf dogwood,2018,315,coal,native,556.57,26.14782609,7.389010989,1003.85,18.90162162
HW,libe xxxx,40.80638889,-77.87611111,northern spicebush,2018,315,libe,native,556.57,26.14782609,7.389010989,1003.85,18.90162162
HW,4032,40.80638889,-77.87611111,blackhaw,2018,315,vipr,native,556.57,26.14782609,7.389010989,1003.85,18.90162162
HW,4025,40.80638889,-77.87611111,blackhaw,2018,315,vipr,native,556.57,26.14782609,7.389010989,1003.85,18.90162162
HW,4280,40.80638889,-77.87611111,mapleleaf viburnum,2018,315,viac,native,556.57,26.14782609,7.389010989,1003.85,18.90162162
HW,2018libe1,40.80638889,-77.87611111,northern spicebush,2018,315,libe,native,556.57,26.14782609,7.389010989,1003.85,18.90162162
SC,4213,40.66972222,-77.90916667,northern spicebush,2018,315,LiBe,native,540.79,26.80326087,7.049450549,994.67,18.95351351
SC,4202,40.66972222,-77.90916667,northern spicebush,2018,315,LiBe,native,540.79,26.80326087,7.049450549,994.67,18.95351351
SC,3211,40.66972222,-77.90916667,blackhaw,2018,315,ViPr,native,540.79,26.80326087,7.049450549,994.67,18.95351351
SC,3206,40.66972222,-77.90916667,mapleleaf viburnum,2018,315,ViAc,native,540.79,26.80326087,7.049450549,994.67,18.95351351
SC,4997,40.66972222,-77.90916667,northern spicebush,2018,315,LiBe,native,540.79,26.80326087,7.049450549,994.67,18.95351351
SC,5000,40.66972222,-77.90916667,northern spicebush,2018,315,LiBe,native,540.79,26.80326087,7.049450549,994.67,18.95351351
23676,115238,46.996738,-94.696556,bush honeysuckle,2016,315,Tatarian honeysuckle,exotic,368.32,24.5076087,4.258241758,562.14,15.53351351
21230,91861,40.814957,-73.679008,flowering dogwood,2015,314,flowering dogwood,native,297.14,27.93369565,11.41098901,516.06,20.81351351
2772,103565,36.440838,-84.323586,multiflora rose,2018,314,multiflora rose,exotic,395.47,28.35978261,9.406593407,758.93,21.17459459
2222,103179,42.545998,-71.355217,burningbush,2016,314,burningbush,exotic,149.43,28.91630435,5.60989011,426.01,18.23783784
16454,62067,41.667408,-73.895546,flowering dogwood,2016,313,flowering dogwood,native,294.57,28.74782609,5.928571429,490.99,18.83945946
18537,73402,40.86404,-73.878288,flowering dogwood,2016,313,flowering dogwood,native,249.37,29.3,11.62197802,506.72,21.42
22576,100713,41.795734,-74.126534,northern spicebush,2016,313,northern spicebush,native,339.3,28.09130435,6.040659341,542.54,18.42216216
24717,117156,42.789562,-77.823166,gray dogwood,2016,313,gray dogwood,native,133.11,28.19130435,6.713186813,418.54,18.33675676
6362,103506,43.012966,-73.649918,gray dogwood,2016,313,gray dogwood,native,315.69,27.69021739,5.737362637,534.09,18.04864865
SC,4998,40.66972222,-77.90916667,burningbush,2016,313,,exotic,227.99,28.54347826,6.324175824,459.2,18.78378378
HW,4289,40.80638889,-77.87611111,mapleleaf viburnum,2016,313,,native,241.96,27.90869565,6.923076923,510.66,18.7427027
HW,4286,40.80638889,-77.87611111,mapleleaf viburnum,2016,313,,native,241.96,27.90869565,6.923076923,510.66,18.7427027
HW,4034,40.80638889,-77.87611111,blackhaw,2016,313,,native,241.96,27.90869565,6.923076923,510.66,18.7427027
HW,4032,40.80638889,-77.87611111,blackhaw,2016,313,,native,241.96,27.90869565,6.923076923,510.66,18.7427027
HW,4021,40.80638889,-77.87611111,blackhaw,2016,313,,native,241.96,27.90869565,6.923076923,510.66,18.7427027
HW,4027,40.80638889,-77.87611111,blackhaw,2016,313,,native,241.96,27.90869565,6.923076923,510.66,18.7427027
HW,4025,40.80638889,-77.87611111,blackhaw,2016,313,,native,241.96,27.90869565,6.923076923,510.66,18.7427027
HW,4281,40.80638889,-77.87611111,mapleleaf viburnum,2016,313,,native,241.96,27.90869565,6.923076923,510.66,18.7427027
HW,4280,40.80638889,-77.87611111,mapleleaf viburnum,2016,313,,native,241.96,27.90869565,6.923076923,510.66,18.7427027
HW,4296,40.80638889,-77.87611111,mapleleaf viburnum,2016,313,,native,241.96,27.90869565,6.923076923,510.66,18.7427027
SC,3216,40.66972222,-77.90916667,mapleleaf viburnum,2016,313,,native,227.99,28.54347826,6.324175824,459.2,18.78378378
SC,3211,40.66972222,-77.90916667,blackhaw,2016,313,,native,227.99,28.54347826,6.324175824,459.2,18.78378378
SC,3209,40.66972222,-77.90916667,blackhaw,2016,313,,native,227.99,28.54347826,6.324175824,459.2,18.78378378
SC,3207,40.66972222,-77.90916667,mapleleaf viburnum,2016,313,,native,227.99,28.54347826,6.324175824,459.2,18.78378378
SC,3206,40.66972222,-77.90916667,mapleleaf viburnum,2016,313,,native,227.99,28.54347826,6.324175824,459.2,18.78378378
SC,3203,40.66972222,-77.90916667,mapleleaf viburnum,2016,313,,native,227.99,28.54347826,6.324175824,459.2,18.78378378
2119,38567,40.862221,-73.875191,northern spicebush,2017,313,northern spicebush,native,303.01,27.43043478,11.73406593,615.4,20.87135135
2772,103567,36.440838,-84.323586,mapleleaf viburnum,2017,313,mapleleaf viburnum,native,413.03,27.3173913,7.936263736,817.53,19.38162162
HW,4290,40.80638889,-77.87611111,Japanese barberry,2016,313,,exotic,241.96,27.90869565,6.923076923,510.66,18.7427027
HW,4250,40.80638889,-77.87611111,Japanese barberry,2016,313,,exotic,241.96,27.90869565,6.923076923,510.66,18.7427027
HW,4249,40.80638889,-77.87611111,Japanese barberry,2016,313,,exotic,241.96,27.90869565,6.923076923,510.66,18.7427027
2119,38570,40.862221,-73.875191,northern spicebush,2018,313,northern spicebush,native,439.87,28.47282609,11.27692308,794.11,21.38486486
2119,66509,40.862221,-73.875191,flowering dogwood,2018,313,flowering dogwood,native,439.87,28.47282609,11.27692308,794.11,21.38486486
1461,2446,42.283501,-83.771729,flowering dogwood,2015,312,flowering dogwood,native,334.21,25.84782609,5.942857143,569.64,17.75081081
21232,91627,42.150742,-71.91584,flowering dogwood,2015,312,flowering dogwood,native,304.28,25.55652174,5.81978022,502.65,17.49135135
24726,117273,42.789654,-77.823265,gray dogwood,2016,312,gray dogwood,native,133.11,28.19130435,6.713186813,418.54,18.33675676
24738,117228,42.795895,-77.816948,gray dogwood,2016,312,gray dogwood,native,133.11,28.19130435,6.713186813,418.54,18.33675676
24738,117282,42.795895,-77.816948,gray dogwood,2016,312,gray dogwood,native,133.11,28.19130435,6.713186813,418.54,18.33675676
16257,69435,41.211025,-73.826889,northern spicebush,2017,312,northern spicebush,native,280.58,26.82173913,8.206593407,615.39,18.99243243
1668,66520,40.866283,-73.875717,flowering dogwood,2018,312,flowering dogwood,native,439.87,28.47282609,11.27692308,794.11,21.38486486
1668,38566,40.866283,-73.875717,northern spicebush,2018,312,northern spicebush,native,439.87,28.47282609,11.27692308,794.11,21.38486486
1668,38597,40.866283,-73.875717,northern spicebush,2018,312,northern spicebush,native,439.87,28.47282609,11.27692308,794.11,21.38486486
30970,169884,39.881367,-88.375336,blackhaw,2018,312,blackhaw,native,368.25,28.75108696,6.803296703,627.51,21.14756757
30970,169882,39.881367,-88.375336,blackhaw,2018,312,blackhaw,native,368.25,28.75108696,6.803296703,627.51,21.14756757
16876,64197,41.745537,-74.119392,flowering dogwood,2018,311,flowering dogwood,native,404.12,27.94456522,6.373626374,922.09,18.80972973
16876,64198,41.745537,-74.119392,flowering dogwood,2018,311,flowering dogwood,native,404.12,27.94456522,6.373626374,922.09,18.80972973
17414,103213,42.936153,-73.433449,gray dogwood,2018,311,gray dogwood,native,315.38,27.22717391,4.694505495,589.41,17.43405405
17414,103214,42.936153,-73.433449,alternateleaf dogwood,2018,311,alternateleaf dogwood,native,315.38,27.22717391,4.694505495,589.41,17.43405405
30835,169911,42.433701,-71.105751,flowering dogwood,2018,311,flowering dogwood,native,326.52,28.025,7.517582418,650.38,19.2372973
HW,4021,40.80638889,-77.87611111,blackhaw,2018,311,vipr,native,556.57,26.14782609,7.389010989,1003.85,18.90162162
HW,4026,40.80638889,-77.87611111,blackhaw,2018,311,vipr,native,556.57,26.14782609,7.389010989,1003.85,18.90162162
HW,4282,40.80638889,-77.87611111,mapleleaf viburnum,2018,311,viac,native,556.57,26.14782609,7.389010989,1003.85,18.90162162
SC,4210,40.66972222,-77.90916667,northern spicebush,2018,311,LiBe,native,540.79,26.80326087,7.049450549,994.67,18.95351351
SC,4204,40.66972222,-77.90916667,northern spicebush,2018,311,LiBe,native,540.79,26.80326087,7.049450549,994.67,18.95351351
SC,3203,40.66972222,-77.90916667,mapleleaf viburnum,2018,311,ViAc,native,540.79,26.80326087,7.049450549,994.67,18.95351351
1668,38597,40.866283,-73.875717,northern spicebush,2016,310,northern spicebush,native,249.37,29.3,11.62197802,506.72,21.42
2772,122237,36.440838,-84.323586,flowering dogwood,2018,310,flowering dogwood,native,395.47,28.35978261,9.406593407,758.93,21.17459459
24747,117247,42.789085,-77.823509,gray dogwood,2016,309,gray dogwood,native,133.11,28.19130435,6.713186813,418.54,18.33675676
24747,117248,42.789085,-77.823509,gray dogwood,2016,309,gray dogwood,native,133.11,28.19130435,6.713186813,418.54,18.33675676
CC,4059,40.78305556,-77.89111111,northern spicebush,2016,309,,native,241.96,27.90869565,6.923076923,510.66,18.7427027
CC,4291,40.78305556,-77.89111111,northern spicebush,2016,309,,native,241.96,27.90869565,6.923076923,510.66,18.7427027
CC,4934,40.78305556,-77.89111111,mapleleaf viburnum,2016,309,,native,241.96,27.90869565,6.923076923,510.66,18.7427027
CC,4935,40.78305556,-77.89111111,mapleleaf viburnum,2016,309,,native,241.96,27.90869565,6.923076923,510.66,18.7427027
CC,4952,40.78305556,-77.89111111,blackhaw,2016,309,,native,241.96,27.90869565,6.923076923,510.66,18.7427027
CC,4953,40.78305556,-77.89111111,blackhaw,2016,309,,native,241.96,27.90869565,6.923076923,510.66,18.7427027
CC,4955,40.78305556,-77.89111111,blackhaw,2016,309,,native,241.96,27.90869565,6.923076923,510.66,18.7427027
CC,4956,40.78305556,-77.89111111,blackhaw,2016,309,,native,241.96,27.90869565,6.923076923,510.66,18.7427027
CC,4957,40.78305556,-77.89111111,blackhaw,2016,309,,native,241.96,27.90869565,6.923076923,510.66,18.7427027
CC,4978,40.78305556,-77.89111111,mapleleaf viburnum,2016,309,,native,241.96,27.90869565,6.923076923,510.66,18.7427027
CC,4983,40.78305556,-77.89111111,mapleleaf viburnum,2016,309,,native,241.96,27.90869565,6.923076923,510.66,18.7427027
CC,4986,40.78305556,-77.89111111,blackhaw,2016,309,,native,241.96,27.90869565,6.923076923,510.66,18.7427027
CC,4947,40.78305556,-77.89111111,burningbush,2016,309,,exotic,241.96,27.90869565,6.923076923,510.66,18.7427027
CC,4970,40.78305556,-77.89111111,burningbush,2016,309,,exotic,241.96,27.90869565,6.923076923,510.66,18.7427027
CC,4980,40.78305556,-77.89111111,burningbush,2016,309,,exotic,241.96,27.90869565,6.923076923,510.66,18.7427027
CC,4984,40.78305556,-77.89111111,burningbush,2016,309,,exotic,241.96,27.90869565,6.923076923,510.66,18.7427027
CC,4989,40.78305556,-77.89111111,bush honeysuckle,2016,309,lomo,exotic,241.96,27.90869565,6.923076923,510.66,18.7427027
CC,4992,40.78305556,-77.89111111,privet,2016,309,,exotic,241.96,27.90869565,6.923076923,510.66,18.7427027
CC,4993,40.78305556,-77.89111111,privet,2016,309,,exotic,241.96,27.90869565,6.923076923,510.66,18.7427027
CC,4994,40.78305556,-77.89111111,Japanese barberry,2016,309,,exotic,241.96,27.90869565,6.923076923,510.66,18.7427027
CC,4995,40.78305556,-77.89111111,Japanese barberry,2016,309,,exotic,241.96,27.90869565,6.923076923,510.66,18.7427027
SC,4213,40.66972222,-77.90916667,northern spicebush,2017,309,,native,361.05,26.45543478,5.73956044,740.25,17.86972973
SC,4210,40.66972222,-77.90916667,northern spicebush,2017,309,,native,361.05,26.45543478,5.73956044,740.25,17.86972973
1668,38603,40.866283,-73.875717,northern spicebush,2016,308,northern spicebush,native,249.37,29.3,11.62197802,506.72,21.42
1327,1976,42.546036,-71.3545,flowering dogwood,2017,308,flowering dogwood,native,335.59,26.87608696,6.779120879,645.3,18.09567568
16876,64197,41.745537,-74.119392,flowering dogwood,2017,308,flowering dogwood,native,278.7,26.75326087,6.153846154,638.9,18.10486486
16876,64198,41.745537,-74.119392,flowering dogwood,2017,308,flowering dogwood,native,278.7,26.75326087,6.153846154,638.9,18.10486486
24717,147313,42.789562,-77.823166,gray dogwood,2017,308,gray dogwood,native,378.18,25.69021739,6.334065934,722.91,17.43783784
22720,132684,39.646072,-79.980118,flowering dogwood,2018,308,flowering dogwood,native,325.57,28.25543478,7.994505495,836.51,20.2772973
27645,159241,40.652672,-73.987457,flowering dogwood,2018,308,flowering dogwood,native,380.01,28.6076087,11.77692308,744.68,21.72540541
HW,4027,40.80638889,-77.87611111,blackhaw,2018,308,vipr,native,556.57,26.14782609,7.389010989,1003.85,18.90162162
HW,2018viac2,40.80638889,-77.87611111,mapleleaf viburnum,2018,308,viac,native,556.57,26.14782609,7.389010989,1003.85,18.90162162
HW,2018viac3,40.80638889,-77.87611111,mapleleaf viburnum,2018,308,viac,native,556.57,26.14782609,7.389010989,1003.85,18.90162162
SC,4206,40.66972222,-77.90916667,mapleleaf viburnum,2018,308,ViAc,native,540.79,26.80326087,7.049450549,994.67,18.95351351
16454,62071,41.667408,-73.895546,flowering dogwood,2016,307,flowering dogwood,native,294.57,28.74782609,5.928571429,490.99,18.83945946
24215,114860,40.734249,-74.669731,flowering dogwood,2016,307,flowering dogwood,native,328.62,28.49456522,6.016483516,516.88,18.68432432
HW,4026,40.80638889,-77.87611111,blackhaw,2016,307,,native,241.96,27.90869565,6.923076923,510.66,18.7427027
SC,4213,40.66972222,-77.90916667,northern spicebush,2016,307,,native,227.99,28.54347826,6.324175824,459.2,18.78378378
SC,4206,40.66972222,-77.90916667,mapleleaf viburnum,2016,307,,native,227.99,28.54347826,6.324175824,459.2,18.78378378
SC,3205,40.66972222,-77.90916667,blackhaw,2016,307,,native,227.99,28.54347826,6.324175824,459.2,18.78378378
SC,4997,40.66972222,-77.90916667,northern spicebush,2016,307,,native,227.99,28.54347826,6.324175824,459.2,18.78378378
SC,5000,40.66972222,-77.90916667,northern spicebush,2016,307,,native,227.99,28.54347826,6.324175824,459.2,18.78378378
17414,103213,42.936153,-73.433449,gray dogwood,2017,307,gray dogwood,native,394.19,25.08913043,4.414285714,693.42,16.6427027
24717,117152,42.789562,-77.823166,Amur honeysuckle,2016,307,Amur honeysuckle,exotic,133.11,28.19130435,6.713186813,418.54,18.33675676
16876,64197,41.745537,-74.119392,flowering dogwood,2016,306,flowering dogwood,native,304.02,28.62934783,5.596703297,499.42,18.51945946
24733,117208,42.789581,-77.823097,gray dogwood,2016,306,gray dogwood,native,133.11,28.19130435,6.713186813,418.54,18.33675676
16454,62081,41.667408,-73.895546,northern spicebush,2016,305,northern spicebush,native,294.57,28.74782609,5.928571429,490.99,18.83945946
16257,59864,41.211025,-73.826889,northern spicebush,2018,305,northern spicebush,native,517.79,27.92608696,8.134065934,913.46,19.62972973
1668,38603,40.866283,-73.875717,northern spicebush,2018,305,northern spicebush,native,439.87,28.47282609,11.27692308,794.11,21.38486486
SC,4202,40.66972222,-77.90916667,northern spicebush,2017,304,,native,361.05,26.45543478,5.73956044,740.25,17.86972973
17562,67566,41.78577,-73.731003,northern spicebush,2018,304,northern spicebush,native,482.97,27.20434783,5.67032967,920.44,18.21945946
30835,172196,42.433701,-71.105751,mapleleaf viburnum,2018,304,mapleleaf viburnum,native,326.52,28.025,7.517582418,650.38,19.2372973
SC,newVIAC,40.66972222,-77.90916667,mapleleaf viburnum,2018,304,ViAc,native,540.79,26.80326087,7.049450549,994.67,18.95351351
SC,3209,40.66972222,-77.90916667,blackhaw,2018,304,ViPr,native,540.79,26.80326087,7.049450549,994.67,18.95351351
16454,62070,41.667408,-73.895546,flowering dogwood,2015,303,flowering dogwood,native,319.98,27.41630435,6.557142857,531.4,18.90864865
16454,62071,41.667408,-73.895546,flowering dogwood,2015,303,flowering dogwood,native,319.98,27.41630435,6.557142857,531.4,18.90864865
16876,64198,41.745537,-74.119392,flowering dogwood,2015,303,flowering dogwood,native,375.9,27.28695652,6.257142857,671.96,18.64216216
6362,103506,43.012966,-73.649918,gray dogwood,2018,303,gray dogwood,native,375.63,27.56521739,5.748351648,634.97,18.38972973
16257,69435,41.211025,-73.826889,northern spicebush,2015,302,northern spicebush,native,312.99,27.31521739,7.524175824,517.41,19.46972973
23417,107859,41.866013,-73.953369,northern spicebush,2016,302,northern spicebush,native,359.22,29.11521739,5.451648352,565.62,18.67405405
23417,107860,41.866013,-73.953369,northern spicebush,2016,302,northern spicebush,native,359.22,29.11521739,5.451648352,565.62,18.67405405
CC,4060,40.78305556,-77.89111111,mapleleaf viburnum,2016,302,,native,241.96,27.90869565,6.923076923,510.66,18.7427027
CC,4950,40.78305556,-77.89111111,burningbush,2016,302,,exotic,241.96,27.90869565,6.923076923,510.66,18.7427027
CC,4977,40.78305556,-77.89111111,Japanese barberry,2016,302,,exotic,241.96,27.90869565,6.923076923,510.66,18.7427027
CC,4987,40.78305556,-77.89111111,burningbush,2016,302,,exotic,241.96,27.90869565,6.923076923,510.66,18.7427027
16454,62067,41.667408,-73.895546,flowering dogwood,2015,301,flowering dogwood,native,319.98,27.41630435,6.557142857,531.4,18.90864865
20590,88187,37.284962,-78.404274,flowering dogwood,2015,301,flowering dogwood,native,346.62,30.16304348,9.007692308,646.89,21.42648649
24717,147316,42.789562,-77.823166,gray dogwood,2017,301,gray dogwood,native,378.18,25.69021739,6.334065934,722.91,17.43783784
17311,102071,40.859993,-73.877342,mapleleaf viburnum,2018,301,mapleleaf viburnum,native,439.87,28.47282609,11.27692308,794.11,21.38486486
6242,16532,43.348259,-70.546036,hobblebush,2015,300,hobblebush,native,336.06,22.7173913,4.712087912,535.88,15.67405405
6242,28523,43.348259,-70.546036,hobblebush,2015,300,hobblebush,native,336.06,22.7173913,4.712087912,535.88,15.67405405
16454,62070,41.667408,-73.895546,flowering dogwood,2016,300,flowering dogwood,native,294.57,28.74782609,5.928571429,490.99,18.83945946
HW,4040,40.80638889,-77.87611111,northern spicebush,2016,300,,native,241.96,27.90869565,6.923076923,510.66,18.7427027
HW,4237,40.80638889,-77.87611111,northern spicebush,2016,300,,native,241.96,27.90869565,6.923076923,510.66,18.7427027
HW,4252,40.80638889,-77.87611111,northern spicebush,2016,300,,native,241.96,27.90869565,6.923076923,510.66,18.7427027
HW,xxxx,40.80638889,-77.87611111,northern spicebush,2016,300,,native,241.96,27.90869565,6.923076923,510.66,18.7427027
SC,4210,40.66972222,-77.90916667,northern spicebush,2016,300,,native,227.99,28.54347826,6.324175824,459.2,18.78378378
SC,4202,40.66972222,-77.90916667,northern spicebush,2016,300,,native,227.99,28.54347826,6.324175824,459.2,18.78378378
SC,3208,40.66972222,-77.90916667,mapleleaf viburnum,2016,300,,native,227.99,28.54347826,6.324175824,459.2,18.78378378
17414,103214,42.936153,-73.433449,alternateleaf dogwood,2017,300,alternateleaf dogwood,native,394.19,25.08913043,4.414285714,693.42,16.6427027
2119,38570,40.862221,-73.875191,northern spicebush,2017,300,northern spicebush,native,303.01,27.43043478,11.73406593,615.4,20.87135135
17562,67566,41.78577,-73.731003,northern spicebush,2015,299,northern spicebush,native,355.03,26.63586957,5.450549451,567.6,18.06162162
16454,62064,41.667408,-73.895546,northern spicebush,2017,299,northern spicebush,native,343.45,26.69021739,6.632967033,636.38,18.29081081
16454,62080,41.667408,-73.895546,northern spicebush,2017,299,northern spicebush,native,343.45,26.69021739,6.632967033,636.38,18.29081081
SC,4204,40.66972222,-77.90916667,northern spicebush,2017,299,,native,361.05,26.45543478,5.73956044,740.25,17.86972973
16876,64198,41.745537,-74.119392,flowering dogwood,2016,298,flowering dogwood,native,304.02,28.62934783,5.596703297,499.42,18.51945946
16257,59864,41.211025,-73.826889,northern spicebush,2017,298,northern spicebush,native,280.58,26.82173913,8.206593407,615.39,18.99243243
1668,38597,40.866283,-73.875717,northern spicebush,2015,297,northern spicebush,native,300.91,28.34130435,11.78681319,490.2,21.43675676
1668,38603,40.866283,-73.875717,northern spicebush,2015,297,northern spicebush,native,300.91,28.34130435,11.78681319,490.2,21.43675676
17414,103214,42.936153,-73.433449,alternateleaf dogwood,2016,297,alternateleaf dogwood,native,343.46,26.19456522,4.317582418,573.02,16.47891892
17414,103213,42.936153,-73.433449,gray dogwood,2016,297,gray dogwood,native,343.46,26.19456522,4.317582418,573.02,16.47891892
2119,66509,40.862221,-73.875191,flowering dogwood,2016,297,flowering dogwood,native,249.37,29.3,11.62197802,506.72,21.42
2772,103567,36.440838,-84.323586,mapleleaf viburnum,2018,297,mapleleaf viburnum,native,395.47,28.35978261,9.406593407,758.93,21.17459459
6362,103505,43.012966,-73.649918,multiflora rose,2018,297,multiflora rose,exotic,375.63,27.56521739,5.748351648,634.97,18.38972973
17562,67566,41.78577,-73.731003,northern spicebush,2017,296,northern spicebush,native,292.31,26.10434783,5.697802198,580.04,17.55135135
SC,3216,40.66972222,-77.90916667,mapleleaf viburnum,2018,296,ViAc,native,540.79,26.80326087,7.049450549,994.67,18.95351351
16257,71300,41.211025,-73.826889,northern spicebush,2015,295,northern spicebush,native,312.99,27.31521739,7.524175824,517.41,19.46972973
16257,59864,41.211025,-73.826889,northern spicebush,2015,295,northern spicebush,native,312.99,27.31521739,7.524175824,517.41,19.46972973
16454,62080,41.667408,-73.895546,northern spicebush,2015,295,northern spicebush,native,319.98,27.41630435,6.557142857,531.4,18.90864865
1668,102065,40.866283,-73.875717,mapleleaf viburnum,2017,295,mapleleaf viburnum,native,303.01,27.43043478,11.73406593,615.4,20.87135135
1668,102067,40.866283,-73.875717,blackhaw,2017,295,blackhaw,native,303.01,27.43043478,11.73406593,615.4,20.87135135
1668,102068,40.866283,-73.875717,southern arrowwood,2017,295,southern arrowwood,native,303.01,27.43043478,11.73406593,615.4,20.87135135
1668,102069,40.866283,-73.875717,southern arrowwood,2017,295,southern arrowwood,native,303.01,27.43043478,11.73406593,615.4,20.87135135
1668,66520,40.866283,-73.875717,flowering dogwood,2017,295,flowering dogwood,native,303.01,27.43043478,11.73406593,615.4,20.87135135
1668,38597,40.866283,-73.875717,northern spicebush,2017,295,northern spicebush,native,303.01,27.43043478,11.73406593,615.4,20.87135135
1668,38603,40.866283,-73.875717,northern spicebush,2017,295,northern spicebush,native,303.01,27.43043478,11.73406593,615.4,20.87135135
1668,38566,40.866283,-73.875717,northern spicebush,2017,295,northern spicebush,native,303.01,27.43043478,11.73406593,615.4,20.87135135
17562,67566,41.78577,-73.731003,northern spicebush,2016,294,northern spicebush,native,280.38,28.03695652,5.08021978,474.52,18.02
CC,4941,40.78305556,-77.89111111,Japanese barberry,2016,294,,exotic,241.96,27.90869565,6.923076923,510.66,18.7427027
CC,4946,40.78305556,-77.89111111,Japanese barberry,2016,294,,exotic,241.96,27.90869565,6.923076923,510.66,18.7427027
16454,117471,41.667408,-73.895546,Amur honeysuckle,2017,294,Amur honeysuckle,exotic,343.45,26.69021739,6.632967033,636.38,18.29081081
16454,62081,41.667408,-73.895546,northern spicebush,2015,293,northern spicebush,native,319.98,27.41630435,6.557142857,531.4,18.90864865
6242,28523,43.348259,-70.546036,hobblebush,2016,293,hobblebush,native,209.45,24.28478261,4.956043956,493.56,15.74864865
6242,16532,43.348259,-70.546036,hobblebush,2016,293,hobblebush,native,209.45,24.28478261,4.956043956,493.56,15.74864865
HW,4288,40.80638889,-77.87611111,northern spicebush,2016,293,,native,241.96,27.90869565,6.923076923,510.66,18.7427027
HW,4253,40.80638889,-77.87611111,northern spicebush,2016,293,,native,241.96,27.90869565,6.923076923,510.66,18.7427027
SC,4204,40.66972222,-77.90916667,northern spicebush,2016,293,,native,227.99,28.54347826,6.324175824,459.2,18.78378378
6242,28521,43.348259,-70.546036,hobblebush,2015,292,hobblebush,native,336.06,22.7173913,4.712087912,535.88,15.67405405
16208,59811,44.221031,-71.417603,hobblebush,2016,292,hobblebush,native,412.66,22.35869565,2.01978022,668.44,13.21891892
16209,59815,44.222012,-71.418297,hobblebush,2016,292,hobblebush,native,412.66,22.35869565,2.01978022,668.44,13.21891892
16211,59869,44.221432,-71.4151,hobblebush,2016,292,hobblebush,native,412.66,22.35869565,2.01978022,668.44,13.21891892
16212,59872,44.258659,-71.252998,hobblebush,2016,292,hobblebush,native,386.47,22.22282609,1.805494505,650.9,13.17459459
16214,69836,44.262901,-71.252998,hobblebush,2016,292,hobblebush,native,386.47,22.22282609,1.805494505,650.9,13.17459459
16235,59940,44.256149,-71.251701,hobblebush,2016,292,hobblebush,native,386.47,22.22282609,1.805494505,650.9,13.17459459
16237,59948,44.255249,-71.251503,hobblebush,2016,292,hobblebush,native,386.47,22.22282609,1.805494505,650.9,13.17459459
16238,59951,44.2523,-71.251701,hobblebush,2016,292,hobblebush,native,386.47,22.22282609,1.805494505,650.9,13.17459459
16241,59961,44.261089,-71.253601,hobblebush,2016,292,hobblebush,native,386.47,22.22282609,1.805494505,650.9,13.17459459
17753,69713,44.168583,-71.38765,hobblebush,2016,292,hobblebush,native,364.65,23.67826087,2.518681319,603.47,14.16594595
17755,69711,44.171101,-71.386131,hobblebush,2016,292,hobblebush,native,364.65,23.67826087,2.518681319,603.47,14.16594595
17756,69712,44.171883,-71.385483,hobblebush,2016,292,hobblebush,native,364.65,23.67826087,2.518681319,603.47,14.16594595
17757,69856,44.172134,-71.384315,hobblebush,2016,292,hobblebush,native,364.65,23.67826087,2.518681319,603.47,14.16594595
17758,69850,44.256454,-71.247581,hobblebush,2016,292,hobblebush,native,386.47,22.22282609,1.805494505,650.9,13.17459459
17767,69844,44.246014,-71.254158,hobblebush,2016,292,hobblebush,native,386.47,22.22282609,1.805494505,650.9,13.17459459
17769,69847,44.245659,-71.253677,hobblebush,2016,292,hobblebush,native,386.47,22.22282609,1.805494505,650.9,13.17459459
18347,110591,43.346775,-70.557152,hobblebush,2016,292,hobblebush,native,209.45,24.28478261,4.956043956,493.56,15.74864865
18347,110164,43.346775,-70.557152,hobblebush,2016,292,hobblebush,native,209.45,24.28478261,4.956043956,493.56,15.74864865
23533,109730,44.25589,-71.250458,hobblebush,2016,292,hobblebush,native,386.47,22.22282609,1.805494505,650.9,13.17459459
24717,117158,42.789562,-77.823166,gray dogwood,2016,292,gray dogwood,native,133.11,28.19130435,6.713186813,418.54,18.33675676
24717,117159,42.789562,-77.823166,gray dogwood,2016,292,gray dogwood,native,133.11,28.19130435,6.713186813,418.54,18.33675676
9175,69848,44.255665,-71.250465,hobblebush,2016,292,hobblebush,native,386.47,22.22282609,1.805494505,650.9,13.17459459
16257,71300,41.211025,-73.826889,northern spicebush,2017,291,northern spicebush,native,280.58,26.82173913,8.206593407,615.39,18.99243243
HW,4288,40.80638889,-77.87611111,northern spicebush,2017,290,,native,290.05,25.79130435,6.320879121,657.97,17.84540541
HW,4253,40.80638889,-77.87611111,northern spicebush,2017,290,,native,290.05,25.79130435,6.320879121,657.97,17.84540541
HW,4237,40.80638889,-77.87611111,northern spicebush,2017,290,,native,290.05,25.79130435,6.320879121,657.97,17.84540541
HW,4252,40.80638889,-77.87611111,northern spicebush,2017,290,,native,290.05,25.79130435,6.320879121,657.97,17.84540541
16454,62064,41.667408,-73.895546,northern spicebush,2015,289,northern spicebush,native,319.98,27.41630435,6.557142857,531.4,18.90864865
16454,62065,41.667408,-73.895546,northern spicebush,2015,289,northern spicebush,native,319.98,27.41630435,6.557142857,531.4,18.90864865
6242,28521,43.348259,-70.546036,hobblebush,2016,288,hobblebush,native,209.45,24.28478261,4.956043956,493.56,15.74864865
23676,114609,46.996738,-94.696556,gray dogwood,2016,287,gray dogwood,native,368.32,24.5076087,4.258241758,562.14,15.53351351
16454,62081,41.667408,-73.895546,northern spicebush,2017,287,northern spicebush,native,343.45,26.69021739,6.632967033,636.38,18.29081081
16212,59872,44.258659,-71.252998,hobblebush,2017,286,hobblebush,native,404.84,21.1076087,2.740659341,1073.24,13.26378378
16213,59875,44.26144,-71.252998,hobblebush,2017,286,hobblebush,native,404.84,21.1076087,2.740659341,1073.24,13.26378378
16240,59957,44.25872,-71.2537,hobblebush,2017,286,hobblebush,native,404.84,21.1076087,2.740659341,1073.24,13.26378378
16241,59961,44.261089,-71.253601,hobblebush,2017,286,hobblebush,native,404.84,21.1076087,2.740659341,1073.24,13.26378378
17562,67567,41.78577,-73.731003,northern spicebush,2015,285,northern spicebush,native,355.03,26.63586957,5.450549451,567.6,18.06162162
17767,69844,44.246014,-71.254158,hobblebush,2017,285,hobblebush,native,404.84,21.1076087,2.740659341,1073.24,13.26378378
17769,69847,44.245659,-71.253677,hobblebush,2017,285,hobblebush,native,404.84,21.1076087,2.740659341,1073.24,13.26378378
23676,114609,46.996738,-94.696556,gray dogwood,2017,285,gray dogwood,native,220.13,24.17826087,1.185714286,426.53,14.68594595
9175,69848,44.255665,-71.250465,hobblebush,2017,285,hobblebush,native,404.84,21.1076087,2.740659341,1073.24,13.26378378
HW,4040,40.80638889,-77.87611111,northern spicebush,2017,285,,native,290.05,25.79130435,6.320879121,657.97,17.84540541
18537,120683,40.86404,-73.878288,flowering dogwood,2018,285,flowering dogwood,native,439.87,28.47282609,11.27692308,794.11,21.38486486
HW,2018viac1,40.80638889,-77.87611111,mapleleaf viburnum,2018,285,viac,native,556.57,26.14782609,7.389010989,1003.85,18.90162162
HW,2018viac4,40.80638889,-77.87611111,mapleleaf viburnum,2018,285,viac,native,556.57,26.14782609,7.389010989,1003.85,18.90162162
SC,3208,40.66972222,-77.90916667,mapleleaf viburnum,2018,285,ViAc,native,540.79,26.80326087,7.049450549,994.67,18.95351351
16239,59954,44.25832,-71.253502,hobblebush,2016,284,hobblebush,native,386.47,22.22282609,1.805494505,650.9,13.17459459
16240,59957,44.25872,-71.2537,hobblebush,2016,284,hobblebush,native,386.47,22.22282609,1.805494505,650.9,13.17459459
16208,59811,44.221031,-71.417603,hobblebush,2017,283,hobblebush,native,427.39,21.18913043,2.273626374,988.57,13.14108108
16211,59869,44.221432,-71.4151,hobblebush,2017,283,hobblebush,native,427.39,21.18913043,2.273626374,988.57,13.14108108
16454,62065,41.667408,-73.895546,northern spicebush,2017,282,northern spicebush,native,343.45,26.69021739,6.632967033,636.38,18.29081081
23056,104744,40.37122,-78.78167,alternateleaf dogwood,2018,280,alternateleaf dogwood,native,390.2,25.08804348,6.904395604,903.32,18.33783784
23676,114609,46.996738,-94.696556,gray dogwood,2018,279,gray dogwood,native,311.04,25.05869565,-0.26043956,542.09,15.14648649
HW,4293,40.80638889,-77.87611111,Japanese barberry,2017,278,,exotic,290.05,25.79130435,6.320879121,657.97,17.84540541
31644,173504,38.045231,-81.113655,flowering dogwood,2018,276,flowering dogwood,native,495.96,27.37282609,7.706593407,972.68,19.68378378
2119,38567,40.862221,-73.875191,northern spicebush,2016,275,northern spicebush,native,249.37,29.3,11.62197802,506.72,21.42
2119,38570,40.862221,-73.875191,northern spicebush,2016,275,northern spicebush,native,249.37,29.3,11.62197802,506.72,21.42
16454,62070,41.667408,-73.895546,flowering dogwood,2017,275,flowering dogwood,native,343.45,26.69021739,6.632967033,636.38,18.29081081
16454,62071,41.667408,-73.895546,flowering dogwood,2017,275,flowering dogwood,native,343.45,26.69021739,6.632967033,636.38,18.29081081
16454,117472,41.667408,-73.895546,Japanese barberry,2017,275,Japanese barberry,exotic,343.45,26.69021739,6.632967033,636.38,18.29081081
16454,117470,41.667408,-73.895546,Amur honeysuckle,2017,275,Amur honeysuckle,exotic,343.45,26.69021739,6.632967033,636.38,18.29081081
16454,117468,41.667408,-73.895546,Amur honeysuckle,2017,275,Amur honeysuckle,exotic,343.45,26.69021739,6.632967033,636.38,18.29081081
16454,117474,41.667408,-73.895546,Japanese barberry,2017,275,Japanese barberry,exotic,343.45,26.69021739,6.632967033,636.38,18.29081081
2772,103565,36.440838,-84.323586,multiflora rose,2016,272,multiflora rose,exotic,305.84,29.40108696,8.502197802,485.21,20.98864865
23417,107858,41.866013,-73.953369,northern spicebush,2016,272,northern spicebush,native,359.22,29.11521739,5.451648352,565.62,18.67405405
22576,100716,41.795734,-74.126534,northern spicebush,2016,271,northern spicebush,native,339.3,28.09130435,6.040659341,542.54,18.42216216
HW,4286,40.80638889,-77.87611111,mapleleaf viburnum,2018,271,viac,native,556.57,26.14782609,7.389010989,1003.85,18.90162162
2120,66513,40.863445,-73.876656,flowering dogwood,2016,266,flowering dogwood,native,249.37,29.3,11.62197802,506.72,21.42
CC,4945,40.78305556,-77.89111111,privet,2016,265,,exotic,241.96,27.90869565,6.923076923,510.66,18.7427027
SC,4224,40.66972222,-77.90916667,blackhaw,2017,264,,native,361.05,26.45543478,5.73956044,740.25,17.86972973
SC,4219,40.66972222,-77.90916667,blackhaw,2017,264,,native,361.05,26.45543478,5.73956044,740.25,17.86972973
SC,3209,40.66972222,-77.90916667,blackhaw,2017,264,,native,361.05,26.45543478,5.73956044,740.25,17.86972973
SC,3205,40.66972222,-77.90916667,blackhaw,2018,262,ViPr,native,540.79,26.80326087,7.049450549,994.67,18.95351351
2119,66509,40.862221,-73.875191,flowering dogwood,2017,261,flowering dogwood,native,303.01,27.43043478,11.73406593,615.4,20.87135135
1668,66520,40.866283,-73.875717,flowering dogwood,2015,260,flowering dogwood,native,300.91,28.34130435,11.78681319,490.2,21.43675676
2119,102055,40.862221,-73.875191,southern arrowwood,2016,257,southern arrowwood,native,249.37,29.3,11.62197802,506.72,21.42
16454,117473,41.667408,-73.895546,Japanese barberry,2017,257,Japanese barberry,exotic,343.45,26.69021739,6.632967033,636.38,18.29081081
CC,4948,40.78305556,-77.89111111,privet,2016,253,,exotic,241.96,27.90869565,6.923076923,510.66,18.7427027
1668,38566,40.866283,-73.875717,northern spicebush,2015,252,northern spicebush,native,300.91,28.34130435,11.78681319,490.2,21.43675676
2119,38567,40.862221,-73.875191,northern spicebush,2015,252,northern spicebush,native,300.91,28.34130435,11.78681319,490.2,21.43675676
2119,66509,40.862221,-73.875191,flowering dogwood,2015,252,flowering dogwood,native,300.91,28.34130435,11.78681319,490.2,21.43675676
18537,120683,40.86404,-73.878288,flowering dogwood,2017,250,flowering dogwood,native,303.01,27.43043478,11.73406593,615.4,20.87135135
